model,n_features,accuracy,precision,recall,f1,roc_auc
PhoBERT text-only,768,0.9412503927112786,0.9317269076305221,0.942450914014895,0.9370582295523393,0.9849892569218839
